name,email,address,age
Hedwig Reilly,aenean@icloud.couk,Ap #436-5887 Auctor. St.,58
Abigail Drake,ligula.aenean@hotmail.edu,858-439 Cum Rd.,85
Stephen King,accumsan.laoreet@outlook.net,"P.O. Box 214, 4990 Ut, Rd.",78
Myra Dean,turpis@aol.edu,501-4501 Ipsum. St.,93
Christopher Porter,molestie@aol.net,"441-838 Augue, Street",96
Barclay Henderson,aliquam.ornare@icloud.org,Ap #801-1743 Nulla Av.,55
September Coffey,a@yahoo.net,160-7329 Augue Avenue,32
Ramona Montoya,sem@hotmail.ca,"227-1436 Nec, St.",32
Dexter Steele,mauris@icloud.com,604-7533 Mattis St.,88
Nevada Hutchinson,lobortis.augue@protonmail.edu,Ap #819-3532 Donec Road,45
Nissim Charles,facilisis.lorem@google.com,113-4707 Nam Ave,95
Hyacinth Love,metus.aliquam@yahoo.edu,500-7612 Laoreet St.,91
Rhonda Spears,id.risus@yahoo.edu,Ap #404-6457 Morbi Av.,75
Brett Oneil,vitae.aliquam@icloud.org,8518 Sed Av.,63
Alfreda Hewitt,egestas.nunc@icloud.couk,Ap #806-4994 Libero St.,82
Robin Carr,diam.at@hotmail.org,368-4041 Nunc St.,78
Colby Hatfield,nullam@icloud.couk,Ap #858-3561 Non Rd.,43
Gay Richardson,amet.consectetuer@protonmail.couk,2725 Per Road,19
Porter Daniels,quis@yahoo.org,754-3206 Porttitor Ave,42
Branden Rutledge,mauris@outlook.edu,"P.O. Box 256, 931 Tempor Ave",66
Melvin Hancock,ante@yahoo.couk,Ap #333-6796 Vitae Road,30
Hedy Macdonald,vulputate@google.com,Ap #338-3728 In Rd.,64
Bradley Wiggins,montes.nascetur@protonmail.net,Ap #129-8629 Tellus. Avenue,44
Ignacia Mays,risus.varius@aol.couk,4827 Pharetra. Av.,34
Noah Randall,elit.fermentum.risus@hotmail.com,436-8424 Est. Rd.,38
Edan Larsen,nullam@icloud.ca,"P.O. Box 300, 5240 Odio Ave",64
Cameran Wallace,dui.fusce@icloud.net,"P.O. Box 379, 8466 Tristique Rd.",42
Asher Riddle,cursus.vestibulum@icloud.ca,Ap #181-6102 Sollicitudin St.,65
Arden Frye,donec.feugiat@icloud.ca,401-4049 Molestie St.,58
Russell Wells,semper@protonmail.couk,705-3601 Luctus Av.,61
Hedley Bauer,donec.feugiat.metus@protonmail.ca,Ap #646-1486 Malesuada Rd.,82
David Kaufman,iaculis.enim@protonmail.net,132-3683 Aliquam Road,21
Marcia Walsh,risus.nunc.ac@yahoo.edu,Ap #473-1031 Diam Rd.,32
Allegra Bolton,nulla.tempor@icloud.couk,"P.O. Box 153, 5941 Enim Rd.",78
Thomas Holder,nullam.enim@hotmail.org,"P.O. Box 818, 6482 Suspendisse Ave",42
Hedda Hatfield,gravida.molestie@google.couk,856-7083 Magna Rd.,45
Hiroko Parsons,erat.sed@icloud.com,"P.O. Box 300, 4683 Hendrerit Rd.",74
Emerson Macdonald,fusce@google.edu,Ap #875-5226 Nibh. St.,81
Ryder Foreman,dui.augue.eu@google.org,"P.O. Box 931, 735 Luctus, St.",50
Bevis Ingram,nascetur.ridiculus.mus@aol.org,Ap #290-7387 Consectetuer Street,75
Lee Johns,ut.pharetra@google.org,Ap #454-9744 Arcu. St.,22
Walker Mendoza,aenean.eget.magna@yahoo.ca,"P.O. Box 621, 3837 Ornare. Street",62
Alyssa Sawyer,pellentesque.eget.dictum@protonmail.com,960-1169 Mollis. Rd.,30
Brianna Jones,lorem.semper.auctor@icloud.net,168-1966 Etiam Road,66
Hamilton Oneil,nisi.aenean.eget@outlook.couk,813-601 Enim. St.,76
Abraham Richmond,molestie.dapibus.ligula@google.org,"P.O. Box 665, 9762 Ut, Road",23
Olympia Chambers,et.nunc@google.ca,988-8538 Fermentum St.,32
Breanna Drake,id.erat@yahoo.net,Ap #850-8755 Erat St.,29
Remedios Cantrell,mi.ac@hotmail.org,9599 Morbi Avenue,66
Simon Mitchell,id.sapien@hotmail.org,356-1599 Donec St.,88
Roary Mercer,a.purus.duis@google.edu,591-1629 Dolor Avenue,60
Patricia House,rutrum.justo@outlook.org,Ap #354-656 Curae Rd.,53
Leilani Rhodes,etiam.gravida.molestie@yahoo.org,"6995 In, Av.",22
Wynter Hopper,nulla@protonmail.couk,"P.O. Box 207, 2842 Lacinia. Street",33
Joy Kirk,nonummy.ut@yahoo.ca,137-2133 Scelerisque Rd.,70
Aileen Sexton,arcu.vel@yahoo.ca,Ap #463-9689 Mi St.,35
Connor Tyson,eros@outlook.org,641-1730 Arcu Rd.,39
Gemma Johnson,proin@outlook.org,800-2272 Tristique Ave,57
Maxwell Potter,mattis.ornare@yahoo.net,"521-9036 Quam, Street",40
Chandler Harrell,bibendum.ullamcorper@protonmail.net,"P.O. Box 574, 7758 Aliquet. Av.",21
Adele Calderon,magna@outlook.edu,860-8813 Aliquam Rd.,18
Cruz Wilkins,non.arcu@aol.edu,"Ap #365-8102 Elit, Ave",82
Tasha Dixon,id.ante@yahoo.com,906-7780 Orci. Ave,91
Clementine Bright,porttitor.eros@yahoo.com,7846 Urna. Ave,88
Camilla Price,gravida.molestie@outlook.net,634-6485 Iaculis Av.,29
Emma Stanton,id.blandit@google.net,Ap #686-1667 Vitae Avenue,24
Bradley Mccall,vitae.sodales.at@hotmail.couk,951-9141 Interdum Street,70
Camille Sims,donec@outlook.ca,993-5358 Blandit Av.,55
Serina Nixon,nec.ante@outlook.ca,904-7769 Nulla Ave,57
Quyn Morales,sed@google.couk,9118 Justo St.,28
Luke Gonzales,sem@protonmail.net,Ap #317-7601 Nunc Av.,83
Leigh Delaney,sed.hendrerit.a@aol.org,"P.O. Box 552, 5992 Mauris St.",53
Yoko Dyer,non@outlook.couk,561-1011 Vivamus St.,51
Kieran Contreras,in@yahoo.couk,Ap #668-8652 Sagittis St.,85
Patricia Erickson,turpis.non.enim@hotmail.org,Ap #662-8446 Ornare Rd.,45
Indigo Beasley,eget.laoreet.posuere@aol.com,695-3229 Rhoncus. St.,81
Piper Roth,mus.proin.vel@icloud.com,7447 Volutpat. Rd.,34
Rahim Gordon,nunc.lectus@outlook.org,113-6762 Eu Rd.,31
Ursula Robertson,duis.a@hotmail.couk,Ap #583-4437 Faucibus St.,35
Denton Landry,suspendisse.ac@protonmail.net,"P.O. Box 398, 2011 Orci. St.",94
Sierra Good,eu@hotmail.com,Ap #768-2905 Semper Ave,64
Bo West,dui.nec@outlook.couk,155-4782 Ut Ave,57
Anthony Mcintosh,scelerisque.scelerisque.dui@yahoo.net,Ap #684-8602 Mauris St.,68
Ian Hanson,laoreet.posuere.enim@outlook.edu,Ap #711-7587 Lacus St.,78
Tatyana Melton,id.enim.curabitur@icloud.com,248-5907 Nec Av.,62
Samuel Hays,enim.commodo.hendrerit@hotmail.net,"887-8694 Nec, Av.",95
Colette Castro,mauris@google.org,512 Lectus Road,59
Xandra Taylor,sit.amet@outlook.ca,Ap #854-9872 Euismod St.,63
Regina Pickett,ornare@google.com,Ap #680-1824 Sem Rd.,80
Fallon Warner,lorem.sit@google.com,Ap #403-4441 Morbi Av.,20
Maris Rowe,tortor.integer@outlook.com,"7654 A, Ave",71
Bianca Barrett,ligula@hotmail.edu,Ap #469-859 Ultrices Av.,29
Michael Vazquez,suspendisse@outlook.net,"P.O. Box 693, 8848 Risus Rd.",48
Tatyana Dean,phasellus.nulla@aol.couk,Ap #197-4595 Dui. Avenue,96
Ulysses Goodwin,amet.consectetuer@google.ca,8707 Commodo Ave,80
Quemby Gilmore,tincidunt@hotmail.org,"Ap #676-1144 Ac, Rd.",65
India Case,a.arcu@outlook.com,523-5524 Morbi Rd.,76
Hanna Webb,donec.tincidunt.donec@yahoo.com,6617 Pellentesque Road,95
Rahim Rollins,ipsum@aol.org,109 Eu Road,58
Ezekiel Mitchell,scelerisque.dui@aol.ca,175-809 Iaculis Avenue,39
